{
  "toggle_mod": true,
  "animation_speed": 100,
  "curve_points": [
    [
      0.0625,
      0.8645833
    ],
    [
      0.16666667,
      1.0
    ],
    [
      0.34895834,
      1.0
    ],
    [
      0.5260417,
      1.0
    ]
  ]
}